particle,track_length,n_disp,log_bf10,D_mean_median_um2_s,D_mean_lo_um2_s,D_mean_hi_um2_s,eps_median,eps_lo,eps_hi,psi_median_rad,psi_lo_rad,psi_hi_rad,D_par_median_um2_s,D_par_lo_um2_s,D_par_hi_um2_s,D_perp_median_um2_s,D_perp_lo_um2_s,D_perp_hi_um2_s,x_mean_um,y_mean_um
4,7,6,-0.06820665780600166,0.021662330272658285,1.6337697051916515e-8,0.06492703491198269,0.1903402178942571,0.00045855162809995315,0.4901645394719114,1.669003469224669,0.30835163647683317,3.1348153198755235,0.026023548613938605,2.0837589076744602e-8,0.08108991575031765,0.016255926407300468,1.1837805027088425e-8,0.05035485331836413,38.399055352212905,36.110268658086845
13,10,9,0.0276981309868205,0.002772614341744281,7.026693928874771e-10,0.06991372237588026,0.20594101207429674,0.0004405415576565525,0.5531720259475282,1.6150185072864847,0.27201608058109344,3.1414709482802956,0.0034126004914892608,1.02442879651783e-9,0.08687879394044776,0.0019201218456815095,3.809099892571243e-10,0.04655782809196021,23.985736702257974,38.13890437500258
30,8,7,-0.10082521908758224,0.009808056496309666,4.229611649135782e-7,0.022740481785587664,0.18468961056818956,0.000014673049250209047,0.46940983399937514,1.445905863731347,0.14235868852060024,2.9650509382540484,0.011788107250283668,5.510056038816287e-7,0.02818455237564686,0.007376938279150171,2.9491672594552766e-7,0.017518135066560737,19.291991173810203,39.937917797384685
62,10,9,-0.032761536410227166,0.07968979312884047,0.022738275553939404,0.1523362224937745,0.19656798923179106,0.0002872100274305997,0.5002379327813775,0.978973556731536,0.0001095436223155269,2.7250355507431387,0.09671217408023096,0.024562885976541698,0.19558075830310315,0.05902007603895891,0.009572917496200256,0.1140801798073953,27.43275197875384,46.88134029065859
84,8,7,-0.0007346510370815906,0.008398561313537563,5.4369782002964655e-9,0.030880385568326205,0.2092258778061862,0.000013484177299099076,0.553495563612433,1.8554261182731018,0.3184323025645037,3.1386664125668906,0.010332728172337487,5.798299114596806e-9,0.038283698796584054,0.006105522534365564,5.075657285996125e-9,0.022839133227805144,49.204941030139686,29.02095085532756
107,5,4,0.18971425738524061,0.08090498798103776,2.8559263862827437e-6,0.20243449182409579,0.26416297043756737,0.00004935053153806099,0.6197018203938186,1.6004456786347239,0.3238826337635384,2.718945664637054,0.10344792883325593,7.483040674429297e-7,0.2620362149697231,0.054075638435733056,3.8292521720676213e-7,0.14914105380305157,17.6010429985222,6.337431187153583
110,9,8,0.18981743017371855,0.020794950743481866,6.025073496882895e-6,0.04071829373909765,0.25320368351666,0.00010928452741265456,0.5971275774163357,1.5900850411824838,0.33969822798972266,2.7097277685873693,0.026397672154315502,6.407172350135174e-6,0.052661863796867964,0.014135986030433674,4.912779086883939e-6,0.030852425443284683,27.79807605959802,0.6936547900262533
112,5,4,-0.03690347166885388,0.023544489001123017,5.824820709750457e-8,0.06300251380486376,0.1977851465339754,0.000022383513114163445,0.5194278406799897,1.775608913071261,0.17086371498437708,3.050038431069993,0.02858986765301625,6.458422630787917e-8,0.07931391933313901,0.017100370352995928,4.806088665032061e-8,0.048129453607196795,39.36330654244561,2.4306710770678412
118,7,6,0.07828511058848875,0.10532801525081772,0.01591423573125912,0.22178721840827756,0.22006785157176995,0.00020808173986885622,0.5598791917230159,1.5979978363018001,0.443545294322818,2.957691927525052,0.13102672706536914,0.01412967592226999,0.28388386634288393,0.07544710854808973,0.004314957783020796,0.1653590348378526,39.33653487760676,3.860328572100209
121,7,6,0.07202712037583936,0.025838036622819235,0.005488075014221754,0.05742188724982719,0.2230670287989643,0.0004643023756512547,0.5719949328654516,2.2080177995290957,0.3152569319827218,3.130773112022183,0.031979483728782926,0.007344063085216509,0.07436571782441907,0.01864786657835752,0.0017373286216076686,0.04382748552229717,34.75681075621815,4.439842278393889
143,5,4,-0.048147346547040115,0.037918863059349744,0.005191340064825764,0.09475958391085515,0.19371005493070254,0.00006703901948112291,0.515489145087849,1.2430762428968674,0.007127620108309815,2.7029121794341817,0.04557427060883461,0.0062747737408331145,0.12047002099927223,0.027922165540487612,9.877040057632867e-6,0.0699111941977233,8.985480426000104,27.405767929416005
161,5,4,0.011641539899652997,0.013424545104266866,2.4086624874006262e-9,0.04855479639339122,0.20722745265096337,0.00004202472969571595,0.5294731288099603,1.5910006997410382,0.2734956924775253,2.9854688551065687,0.016663377098237023,3.142555564357803e-9,0.06241361926694056,0.009414860376318638,1.6747694104434497e-9,0.03726855741628977,19.724528949377298,17.640437872089414
177,5,4,0.0185975952988926,0.010867588902934525,1.1203829685173317e-9,0.19076932249447515,0.20256755988054925,0.00004745143465969929,0.5411107429853955,1.6997453841639518,0.2806593265512385,3.0881227536291336,0.013496317206562476,1.291945446692149e-9,0.24172070756800934,0.007919060092728945,9.488204903425143e-10,0.14870168628242517,43.00226598346258,42.627737290848565
196,9,8,-0.004929309948565219,0.0028280158270419793,8.239764924981625e-11,0.03981372236998771,0.20526761078637246,0.00008400810507490358,0.5087747073716749,1.530723094431936,0.09490241217637005,2.8273520541260733,0.0035223841348835435,9.677092319883918e-11,0.04938944925704991,0.001953498357717044,6.802437530079332e-11,0.03032339707496318,21.555956523964067,15.876695637282154
198,6,5,0.21990801875038812,0.1298709602398519,0.04300741403711446,0.28567413395553715,0.24545200741515982,0.00037725156927750203,0.61991881138178,2.1017229823759225,0.685842450556681,3.1157512913907923,0.16473502232743734,0.04791894269528185,0.359810077108381,0.09141695723354105,0.009861872362461626,0.20902456869529684,22.567295160314178,37.5851996336222
235,8,7,0.01740505844615825,0.001488148501697022,1.8275563881233051e-9,0.04950447848624602,0.2104986907319097,5.012294218977896e-7,0.5444055223209685,1.652289437690328,0.31936913352204555,3.1288069328849017,0.0018123721672619756,2.39662174922574e-9,0.061141193742153856,0.0010417477545814637,1.25849102702087e-9,0.03460687366958171,15.27904487211549,30.25239645358653
263,8,7,0.14712332885920176,0.04533008857947211,4.773258400287931e-8,0.08740574925289905,0.24580747364430816,0.00011999247080544857,0.589911055279184,1.0666346319087199,0.008157122413606036,2.4786011877547964,0.05617765891265724,5.335131917566337e-8,0.11398927687912004,0.03246137252232617,4.2113848830095247e-8,0.06575962438690942,37.3942961640645,46.82278233849911
295,6,5,0.023310973867886275,0.3456824204183883,0.07108304917024193,0.7557528749756204,0.20349811527537376,0.00002413248378154277,0.5294530170913319,1.7303599582572584,0.28331468577509616,2.851222422224322,0.4273877038501922,0.09683258920779957,0.9665860347911458,0.2561324434953742,0.00014079566733956277,0.5438848937008446,35.99824684159018,21.671581567339263
304,6,5,0.01885495009523197,0.014985861420951617,4.336612444945639e-9,0.07135249821766179,0.2053150722307881,0.000316697915638055,0.5264011512180728,1.553852542863897,0.2184590944814709,3.1102179215574193,0.018903355117440148,4.425613800664253e-9,0.08962432613304193,0.010604511324172134,4.247611089227026e-9,0.05337299208821472,38.445808594852934,36.16784899377557
340,6,5,0.0005143001463814301,0.10360518816914843,0.03012313223879677,0.21651922522526504,0.19823650270768256,0.00005063040864684619,0.5321387510698132,2.0515626343320843,0.4589935929789209,3.1177721137108176,0.12685976803680044,0.037531030082929774,0.2696385026472629,0.07709010912100209,0.011925834164564072,0.17196695656205327,3.758099057001409,27.555608467338217
351,6,5,0.015393726117732598,0.004803766783058839,4.209898599511309e-9,0.06026256167390895,0.2058482611354917,0.0003417418888733202,0.5402258868502539,1.3605405542989133,0.04216453716146378,2.860394640559437,0.006018581236958388,5.394782831976853e-9,0.07426072291475218,0.0033763721786574776,3.0250143670457653e-9,0.04513924482489291,49.16734188009432,36.53774087739244
354,8,7,-0.1326095945624779,0.16979706363259425,0.006162889615277795,0.3511382979711375,0.1788792237134254,0.000017213521485796107,0.46610399318180984,1.789769749383587,0.4016254630088303,3.105798459264449,0.2012427620072874,0.009174672489392523,0.4424687070546114,0.13252998900432394,0.005075841736257719,0.2774091797035482,49.779905372492934,37.83708043240859
380,6,5,-0.11252259197794601,0.14142280193778928,4.907980864416245e-6,0.2984123617027016,0.18746529569025044,0.0001484471176751754,0.4701279221832887,1.3163158450818284,0.000017305276259470847,2.872587018279301,0.17153700405737904,8.446604883926633e-6,0.37726826738948943,0.10815662070270898,1.3693568449058563e-6,0.23860771347834567,14.788676452426001,49.4095635318048
386,8,7,-0.07852169736534265,0.1041016052455518,0.036230334990445784,0.19929188818538934,0.19270024445621212,0.0008075557963584406,0.4923117315624979,0.9855231809447317,0.005483926188518731,2.750510743818415,0.1258269830517266,0.042952775492397115,0.25696003736790674,0.07959381551200381,0.02827176476212975,0.16030368422209176,30.759680909608086,6.527063193540307
442,5,4,-0.023842189383820767,0.016372613155765728,7.948471092310429e-9,0.08650064185896712,0.20801634758583581,0.000021633303633760788,0.5336602742633454,1.690630965652316,0.254421230720924,3.058296811058941,0.020480117271767625,1.2704841324201861e-8,0.10593445989736999,0.011317147924632277,3.1921008604189954e-9,0.06351644599217089,51.496839853946575,37.93731709393727
483,9,8,-0.21015874219263608,0.09286166055061439,0.035086027747831094,0.16389860646120974,0.16542741970204075,0.00015212084885302273,0.41132042940642133,1.9233604781154074,0.237897136798977,3.0679902265937957,0.11009106765709997,0.04016211366402496,0.2062557553485194,0.07390198309079088,0.02396228870416172,0.1354100485354665,43.356833248293334,21.952241204601663
510,6,5,-0.11155697574712775,0.06225028199216542,8.577349682292318e-8,0.13733452950238367,0.18496114956614484,0.00006415473772984687,0.4700881768159536,1.8178253447636243,0.29557979453373173,3.1407646081480394,0.07471811089633153,1.3138864651569814e-7,0.17259051354168686,0.04731410340608514,4.015834713014821e-8,0.10862101270519076,35.891558753824555,22.144832223160662
544,6,5,0.021051155359039342,0.00345655722903075,7.2138286642877e-12,0.0534215360596373,0.21263961557313216,0.000028388408225314636,0.5296938538308718,1.714515625603134,0.23026341016285426,2.99276088121272,0.004293568830578507,7.958728952160512e-12,0.06810761555563531,0.0024164432583853685,6.4689283764148874e-12,0.03780678499300814,14.675769584709611,49.33354484368311
591,9,8,-0.013555240301478477,0.06149289307343845,0.025733897210273,0.10695620661399258,0.2127676096403474,0.00042325186645518004,0.5224382198521947,2.173575878153998,0.5563240140084997,3.140499784306519,0.07568149069622539,0.030533604451076495,0.13914449826797604,0.04601751476796957,0.013594274097935833,0.08693920215596247,37.10585954905045,46.8787478815508
619,5,4,0.15186696506258812,0.1903424646695852,0.048462848697463784,0.453714163703128,0.23701890228292577,0.000045707135326182356,0.6062646384735269,1.8701412226756409,0.6995093913446773,3.1265275003271746,0.2389487180732106,0.061680228776448166,0.5814863750595057,0.13508760601066336,0.005280879714458537,0.3307853664878164,26.3444046983703,51.6661842613738
626,7,6,0.055022243553107586,0.03228229829498185,0.008525344046680724,0.06707341006947658,0.23248793993117153,0.000022518818408261432,0.5604479827731262,1.0851791843931953,0.004820965857206905,2.5346522229506303,0.03995366605138355,0.011266618284437256,0.08662735405969976,0.023412743602308585,0.004826668952417557,0.0537624572878398,42.7111982779411,4.8209997918302765
661,5,4,0.08200859116758963,0.05255460280279067,0.012081962214116214,0.1282489634456931,0.2274915598263248,0.00008235046371149331,0.5878729988513127,1.8825472274874442,0.5717761255736142,3.1376303967343007,0.06654233279327104,0.01366997913903397,0.16161971600886177,0.037524510446411585,0.0031555499728919824,0.09568642298656027,33.87395294085953,41.112498797187826
684,10,9,-0.029050756623011154,0.05002613465279941,2.1626962766215767e-8,0.1130834897671496,0.20012367285576407,0.0000648482922759729,0.5059387249515899,1.8084442652069257,0.4855055860290655,3.1214996901623744,0.061875766231202736,2.7056321850626263e-8,0.14209740755895217,0.03659444337460689,8.128131762645492e-9,0.08764367851398093,45.8003566000664,43.36263112349006
739,7,6,-0.0037543832332573857,0.054084419959720936,1.1504319226622825e-8,0.12580550077925443,0.20518547135985965,0.00008090365220376396,0.5292398591988542,1.9948380101365017,0.3919683845749613,3.11139754216869,0.06690230396890381,1.1680113810395233e-8,0.16585324366389084,0.03895960333544756,1.1328524642850418e-8,0.0956557908473384,11.296148655892349,34.57029396376003
751,6,5,0.10217994541692832,0.0767440749100943,2.2199587444610585e-7,0.17593697432091576,0.23233341081163772,0.001632778960796045,0.5858988104930987,1.6194114908015125,0.42640191178450915,2.8891363754349944,0.09601309263098372,2.5143196106836105e-7,0.22808056755218836,0.05267254483370251,1.045132307387346e-7,0.1338345702334624,21.030940365618765,33.966527954506915
765,9,8,0.02579152346541136,0.06312428670477345,0.027131141356408688,0.11419583824024364,0.20300965111323754,0.00015976186433700864,0.5123857278818935,1.2283055999134314,0.0005021122103630125,2.4577585413006795,0.07716408299689051,0.029328917913438498,0.14302837481070338,0.04753605816874099,0.015166296229636724,0.09104963304366416,22.62913867632945,21.336595873326665
782,5,4,-0.03405530954536218,0.010663513023983376,1.002048898698368e-9,0.03982401908561135,0.20198262383210774,0.0008290752952577726,0.5148726452176595,1.45569568340642,0.11932715090033008,2.962113601505864,0.012846434987443207,1.197565418973107e-9,0.04967854113818638,0.0076927362914929135,8.065323784236288e-10,0.030664560966512384,23.609686422397136,10.907091397416023
794,9,8,-0.13221289098330047,0.06063703435599544,0.018480557082416815,0.1129452876781332,0.18213761731462802,4.496553739896315e-6,0.4526427525950154,1.464143148076991,0.03424734363240332,2.6898927612527244,0.07178325252387872,0.01998303563225281,0.1413517167429732,0.047281434653192,0.011964120723921771,0.09054791940394535,5.888902027906561,38.72392235100065
800,9,8,0.008044152850253283,0.02349140772160135,0.007701853954619149,0.04619895959009386,0.2095488609821885,0.0007139253665844477,0.5224896433773427,1.468834458483854,0.003689544533730823,2.967914446488526,0.028628578081273587,0.007510740710741764,0.05631115671562121,0.01713596470897015,0.003410676145848634,0.034848607608541395,42.912866621344705,42.6273926324466
888,6,5,-0.030517067203852832,0.028676766621247823,6.164058542973477e-7,0.07469529790958646,0.1976078883761171,0.00001746946939895549,0.5140826716216127,1.8396783867566722,0.35030889194771925,3.0847565218622237,0.035421878563005195,6.800879693947399e-7,0.09417859975425319,0.02143105155999222,4.74748078772449e-7,0.055891325747393104,22.832350822019606,44.24174243461264
894,6,5,0.05003077082420759,0.01600014005244549,9.728953053464059e-8,0.03878542076859085,0.20916381668967085,0.00013308648672701365,0.5370144573322432,1.0912604960607566,0.006069895795006007,2.8423007291576052,0.020019338897108552,1.2563591295006717e-7,0.049740472323950215,0.01162678143733111,6.894314811921402e-8,0.02983367770120054,36.07025967800132,22.098140826737858
926,6,5,0.013695517040591909,0.008532037773624896,4.6166934985386705e-9,0.040578452407677816,0.20893778907587626,0.00007188341695340684,0.5296283386744596,1.2602731646759502,0.027908869155471857,2.752880592149775,0.01059823678290054,6.741228254404036e-9,0.05044305413179258,0.0060371480674609014,2.4921587426733054e-9,0.03069262738189316,45.99676891184001,43.27466236471542
928,7,6,-0.0011212524592387751,0.15217301936291583,1.2213530454315222e-7,0.33394692147001676,0.20042854818186973,0.00004929792184028086,0.5362958622452529,1.8974015465082101,0.4629001576260539,3.1258210322642643,0.18325987025009643,1.827247621171776e-7,0.4266105787726458,0.11123844216288195,6.154584696912682e-8,0.2516862052789636,26.585512620340157,42.627747643641726
960,5,4,-0.05337541109548738,0.03797501775973153,2.8264884025741058e-8,0.10277894889229931,0.19856752835845864,0.00009785226279454276,0.4943905355967333,1.7803292634880976,0.2628655948825864,3.047416848147213,0.046056898027482,4.268783625694532e-8,0.1286630720014526,0.02865733139281846,1.3841931794536794e-8,0.07834371969307302,44.14335205740368,25.606747322153087
1005,7,6,0.16904441107983814,0.03258639402746635,0.011306693536817996,0.06548959073102661,0.25900636032335345,0.000013850078628384875,0.6122444903138908,1.827170256842673,0.7517950799236265,3.0345285307147334,0.041594091657161165,0.014711211165916345,0.08774475275755672,0.022915643275758707,0.002938369872346465,0.048802991519830946,36.065268980950634,22.273045274292176
1098,7,6,0.13608888328918667,0.027364347949001916,5.6628520819122645e-8,0.06956852724318446,0.24785820479140463,0.0003374760667735745,0.6171671304964187,1.7676259423088838,0.6286669796421164,3.1175809495878046,0.03496569408591595,6.841913020302347e-8,0.0906450072577432,0.017324514071681642,4.483791143522182e-8,0.05124057655057629,48.97157338320229,10.608221322562846
1115,5,4,-0.0419613928906486,0.045589933435753856,3.021224953041075e-9,0.16314532627992948,0.19362401471996948,0.0001355682808985553,0.5113218243652463,1.4779479093906795,0.10135441618411928,2.9786217676052775,0.05463602427932096,3.6491862891666946e-9,0.20363333251883667,0.03358248994523602,2.3932636169154547e-9,0.12396981531247792,6.1043424221909826,50.56446289211202
1131,5,4,0.00487086073822951,0.05354874208157563,1.0633859375172304e-8,0.14042374875313166,0.20784021877943143,0.00005715841480993036,0.5331976251129704,1.7431235963710794,0.46555327854953354,3.070970202990264,0.06489015689225025,1.593722709552326e-8,0.17745131227474367,0.03785628936576285,5.330491654821351e-9,0.10544197969438936,49.58728718631521,28.889464828363714
1165,6,5,0.12759364101579962,0.0269773236337904,7.774446330040898e-9,0.09490846901980149,0.2301465841506194,0.0003001291596785175,0.5984223708177948,1.6070138946189951,0.007184523916759308,2.9602628127385104,0.03380118409775898,9.818648791370053e-9,0.12497051304610106,0.016668381840483568,5.013023481816696e-9,0.06943235329055275,8.891968090487794,25.654309899007398
1213,8,7,0.0015247767020305503,0.023214659828451556,1.582098956688686e-8,0.07135192142211988,0.2058059466905544,0.0000561619342741528,0.5251062148238737,1.2972090422181637,0.07218150383128848,2.7832148304589146,0.028120636859151928,1.7224681003850246e-8,0.0891547279538613,0.016014333077416995,8.380537859790074e-9,0.055135453041803194,49.211352158727145,36.55729970486081
1219,5,4,-0.03882688876383611,0.01748726198267275,7.413567040869088e-9,0.08369862367825545,0.18767525340528401,0.0004153252330801538,0.5177092026483671,1.5479496426293653,0.05214729373347854,2.86492897371353,0.020463305669025503,8.77834940000434e-9,0.10503736408544405,0.012900772547274146,6.048784681733836e-9,0.0678160502635405,43.21144433307253,5.413928266014258
1238,7,6,0.14523621722569402,0.10968066584381722,0.03857787246872781,0.21581228872997116,0.239223877728707,0.0002906427068897855,0.5872430054937307,1.8933710785464968,0.6475792905835155,2.9893655766840057,0.13819569872625959,0.04588590425729256,0.28375654413457235,0.07712252372851609,0.01201224713652286,0.1614720343724516,42.67678511338125,43.30758091205307
1251,7,6,0.2067718970280339,0.02046058943252696,8.146730918744707e-8,0.0471063363562199,0.2569696964235849,0.0004469879185077174,0.6262007549653317,1.0588418603643674,0.009150631332756645,2.9599928670594826,0.025981353520247608,8.641702129589163e-8,0.061102541451933515,0.013150267723036617,4.174145762810698e-8,0.03571985504792415,19.020957536845692,40.293312964189894
1264,5,4,-0.018098235659323336,0.013579521399678232,7.012302095510281e-9,0.0531256641295279,0.20045158518941683,0.00008041119846844258,0.5355026550921768,1.4260865369229998,0.14105660393818692,2.931181159124948,0.016681111573967237,9.576734772126366e-9,0.06427563666855446,0.009544295139100507,4.447869418894196e-9,0.040957384849339404,11.598731911273052,0.5304492275213424
1265,6,5,-0.016979737688782137,0.014897072249812748,3.0852989768013394e-9,0.11926143245084597,0.20619100802580015,0.00018132585580662812,0.51537052169919,1.528082108822903,0.2637604337246824,3.1414478088347995,0.018021396333567405,3.6623594712702695e-9,0.14556503076766328,0.010036414783645373,2.1343398192741506e-9,0.08927011521071247,39.87530821919543,0.6872556258690438
1268,7,6,0.029995172640763457,0.10125457770454398,5.421059037112176e-10,0.21718046312358577,0.21236010628545998,0.0004071523320663567,0.5290340704439922,1.1127888490095845,0.004065560554274332,2.9211864533658134,0.12421649025920212,8.927141906332118e-10,0.27098141559970146,0.07183569301811726,1.914976167892235e-10,0.16839792877094453,23.90647155296509,4.760443046761763
1305,5,4,0.05033703058020578,0.006492876705800076,1.3919704785374734e-7,0.01878848913176606,0.2123780521233371,0.0008814608054876007,0.5566598445688592,1.2505814980571663,0.0006073797377580661,2.693071020411048,0.007997046844388359,1.9643742519413326e-7,0.02306340862128369,0.004648944792982009,8.195667051336141e-8,0.014479803749756166,9.827486466394348,41.4655144792828
1310,10,9,0.24173009947783797,0.046382059411983645,0.01594938060815071,0.08763690765041646,0.26574192214296855,0.00044343053181179255,0.6164765320617666,2.245510431897216,0.7261916804925477,3.11922595210625,0.05933130521548008,0.017921317898942943,0.11480616940053787,0.031164731135998713,0.006274849728862335,0.06360508832020509,32.52282048213325,42.58290421241107
1381,5,4,-0.018742181959378712,0.0359116327886798,5.937793360567824e-9,0.15065916391687662,0.20474675585225244,0.00020390181269758673,0.5310507042020834,1.828589039651673,0.36090188754531743,3.1411363589606873,0.043895287182054155,7.871472535403348e-9,0.1882050931015662,0.02553617742658504,4.0041141857323e-9,0.11489968934764895,0.5649311072625082,31.368055188925734
1395,6,5,0.05821535181821602,0.07389520322635873,2.5706226094523852e-8,0.18242690745815643,0.22263706333444952,0.0001560577295950499,0.5563056536291605,1.7790983523415633,0.16191153739863023,3.086488407400235,0.09175216482660836,2.714334540764893e-8,0.23129083385828447,0.05206887027125974,2.26376769337101e-8,0.13803109266082467,22.621496582077004,21.53641417002709
1422,7,6,-0.032154086169203566,0.05046113341563075,1.8974451628872132e-6,0.10773953243090974,0.20271358827995478,0.00004420637541159413,0.5124750001961249,1.7434178452004732,0.4302294803526259,2.943174020440388,0.06146481217017316,2.629800006748213e-6,0.1329844536631824,0.037883880352942205,1.1650903190262133e-6,0.08369618281547435,8.887906150305941,25.361146201437407
1483,8,7,-0.10024245757579564,0.03453072837563548,3.860980162125267e-7,0.08185653890371627,0.18361537756488663,0.000013821419549101305,0.47919324022626697,1.6492505228321062,0.021200586879129745,2.815291587437228,0.0418467499255028,4.1582705738994486e-7,0.10428199696058263,0.026013620044367858,3.563689750351085e-7,0.06526071169892737,23.894303246565745,18.14588432696498
1487,6,5,0.08785689666675012,0.010278478192883102,1.1244026709037228e-8,0.14040547466963205,0.23249762331225132,0.00004011100467874936,0.605066524320106,1.3614799932733903,0.1487347514357974,2.8888405696484662,0.012559652974235114,1.6670309793177893e-8,0.18621482129514405,0.007039983525550231,5.817743624896562e-9,0.09011993635353802,15.713596137555184,29.358727669022027
1495,7,6,-0.18317929102187236,0.08352520851451059,9.334053173078245e-7,0.1712556141678134,0.17416649604940437,0.000051756383434794905,0.43875123547023437,1.5176837314957852,0.24423932475402557,3.0500643806078322,0.09933965751831325,1.0242049419051554e-6,0.21133208310931217,0.06505592956481221,5.607965424039801e-7,0.13366310280403665,12.841497912697914,1.8533936128666724
1509,6,5,0.07918002084836928,0.015684262587725633,8.078637613960006e-8,0.047760549973213356,0.22025191624007695,0.00006858716237592896,0.5894495284025552,1.803769953820313,0.5058895180772637,3.1118012417221674,0.019761813566141304,9.552270646615944e-8,0.06014663718862372,0.010417670872898209,6.364865313649609e-8,0.036522575064602394,33.513947665427295,35.05486162048381
1530,5,4,-0.018093299101945348,0.11910140837442279,1.1801058944279092e-7,0.29669442154318704,0.2007052526075242,0.00028289749038506686,0.5073643728261862,2.014255073747389,0.3569600480008181,3.1378519926470974,0.1460979180888426,1.227958017121718e-7,0.37234703742928094,0.0880285087537239,1.1322537717341005e-7,0.23412945252763617,51.28437834286431,38.273794791678235
1550,6,5,-0.05198941249912181,0.06372901117784957,0.011983029628890512,0.14258734502392553,0.19380239927196585,0.0002189822162728246,0.49598110475189844,1.9615140626091738,0.3787356577303888,3.1334500589971115,0.07776648279531487,0.012288128151611585,0.1774291303034563,0.04724440346181892,0.004130329217012643,0.1085811740011603,0.5539184988801016,31.590208258625342
1622,6,5,0.13864500351045805,0.028542655894892674,9.939808849140631e-8,0.0681466674246357,0.23151836094478045,0.000058538712085392436,0.5961505451619015,0.920807657366717,0.0005804751405087628,2.7955965333237494,0.03562800915800181,1.1459295148791974e-7,0.08758008017334704,0.02028728976211639,8.420322549489288e-8,0.05232446692589771,49.41235597403904,36.52797889915697
1628,5,4,0.06348463426385464,0.08996667873519373,8.964575353722663e-8,0.24344794537929834,0.21646163913449806,0.00026018485844619147,0.5472260222384304,1.9319635751697737,0.22675856261712646,3.137762143065884,0.11045648196830929,1.257249205614908e-7,0.30883248307201583,0.06275372152538025,4.354683687515389e-8,0.18119315710149253,11.580686937595013,34.13827463836925
1688,6,5,-0.008563754741743423,0.08240305691299499,0.020085945170881362,0.17793085599326441,0.20134284084907972,0.0000548217091125964,0.5375921896164855,1.9244002988828464,0.47476059362482137,3.068732626447166,0.10094683699179469,0.023322239424018926,0.22111363006728235,0.06094583271575533,0.009556967556556837,0.13653476094247105,29.359825593181004,4.069501023965317
1721,8,7,-0.09816300902143027,0.05419078531430083,0.018656391136011637,0.10323595399985523,0.18127477969582478,0.00019647522839309355,0.4683343048544707,1.2326241850222197,0.0009013737041896197,2.591575945512315,0.06465606501550927,0.021484962756233652,0.13007364413819364,0.04116286430503196,0.013566888683680422,0.08314716491178697,32.6036147962883,42.596421236225815
1766,7,6,-0.15633627964184527,0.04554158599725863,0.00618886519218564,0.09958591635680686,0.17404295895844094,0.000022530495144032976,0.45552470201475087,1.5794626538977155,0.27805651813583937,3.0155781394591945,0.05419129787476157,0.005946739353959631,0.124704609765802,0.03541742861325297,0.005394253534906861,0.07856005045664,11.149285245901794,52.48366661507963
1767,7,6,0.12008431819658583,0.08500939257669073,0.000037388514734473864,0.17336532012828237,0.23791134504417905,0.0003025806966901109,0.5709108032800082,1.496310633276767,0.14539784629875294,2.6063722859546297,0.10589957189865376,0.00005240819111579408,0.2263373346311228,0.05776777148034808,0.000022368838353153652,0.13204384415486767,27.079336520994485,46.938705614277
1839,6,5,0.07682282437861687,0.00847830414107521,7.110982690278825e-9,0.1950898438523882,0.23088866115689827,0.00007704845855431596,0.5976377619703345,1.5248932349182027,0.005636357461395904,2.7203331477101185,0.010135558325140976,8.003926198332733e-9,0.2495721402648624,0.005672898771397905,6.218039182224917e-9,0.13305387604921248,44.443768422605416,8.912512346961147
1848,9,8,-0.21226288991704223,0.07003691029991979,0.025661654178229402,0.12372428824129458,0.15832409853340373,0.0004585747846585755,0.4277968825372691,1.7380117783787425,0.27129100322787336,2.9678309392819724,0.08240447424944355,0.03103138958787311,0.15262014861711273,0.05583293136537496,0.01961760483184723,0.10214691039552055,29.86097470394569,18.381456930770927
1870,5,4,0.03953528868835576,0.012647623497086036,1.3957646205811627e-8,0.05923117757410546,0.21626017481864018,0.0002735765035660691,0.5572729628263869,1.269608859640745,0.003526972002872027,2.8459945710722105,0.01565705282786837,1.4547000284918426e-8,0.07575291837063984,0.008502384387075713,1.3368292126704826e-8,0.04335545916010706,29.069488416563217,4.067735834388093
1872,8,7,0.025595165960044852,0.012341513894643972,6.125453094607127e-9,0.11428435370931044,0.21104134361742083,0.00003224520334522736,0.5364698936736129,1.5560284923770928,0.04616762284771744,2.763965115266591,0.014913256379007773,8.346902583240392e-9,0.14414300419544676,0.008806431299875092,3.904003605973862e-9,0.08407674772181492,25.23842654420737,11.397454343128723
1903,7,6,0.5164930049170078,0.5057342672362339,0.19662739572955557,1.0173693839591427,0.3762238821288978,0.00491353007249353,0.7250399371657453,0.8129978085766207,0.019807976206189036,1.938779456644065,0.6912466462134212,0.23323386069224558,1.3852962868679182,0.2933804640226164,0.03042413418775531,0.7013639979063754,19.792006640224265,17.36215767796326
1922,9,8,0.1367332449805012,0.07806243421355735,0.031741651387033394,0.14241667824780932,0.23776417373087977,0.0004969396476432757,0.5711739097293339,2.1351702171028246,0.7883996412755564,3.1405801826448863,0.09852802190857485,0.03611435746079557,0.18628147747640117,0.05646468710110568,0.013009910022759622,0.10910966823261065,9.260433225853358,26.86691814068374
1943,8,7,0.078967589105293,0.07816151438627406,0.024964670948207084,0.15115220755493702,0.2259071393875455,0.0006150038257710974,0.5449087171987406,1.2215365455128442,0.004042390812187274,2.9962366688066835,0.09758119314807845,0.028893805251967022,0.19058306395497157,0.05649403348248229,0.00966254439742775,0.11594662117394561,45.39306737533741,18.262910748589718
2018,5,4,0.1993919339541037,0.13404424009811938,2.2381510369052824e-6,0.3200080666872733,0.25526202771336604,0.0000736865166570457,0.6449187425751055,2.1306912367921003,0.5292220163413569,3.113508899023305,0.17280956378690376,2.330800410303346e-6,0.43029296584818677,0.08916163500830113,1.0442283701799264e-6,0.23981393762208308,51.32713422697598,37.81045054375848
2076,6,5,0.0572240214346067,0.057487705269784604,9.79799940322823e-9,0.16989769791104975,0.2114188595754905,0.0004651563304908731,0.551009005986679,1.6755514814955343,0.17029108181789884,3.117649231310743,0.07086900155629247,1.2726665039790259e-8,0.21780814385172378,0.038691166496152556,6.869333766666201e-9,0.1281576123255691,26.631530272627668,44.91434882456801
2088,9,8,-0.07873757047239138,0.0479425688156881,7.676355534661765e-8,0.1347944642161456,0.1968593317587817,0.0000339517612160152,0.49804506442640245,1.2506220077948638,0.02212237494272774,2.8341637603990866,0.05800346486666373,8.552915791372906e-8,0.1650379321618759,0.03519240363823246,5.754350143021974e-8,0.10662376109042813,35.128598391502386,40.25594613166622
2115,5,4,0.10587333885534989,0.13059065461000816,1.1292963273367882e-8,0.3523745771905054,0.23443942701340015,0.00015243099083295605,0.5950389961485909,1.000970129664152,0.02726979774438069,2.8089019286907226,0.16166852513862146,1.2439410129360756e-8,0.4570274342695986,0.08624497952137297,8.932224679723759e-9,0.26832718415212187,26.073142694702774,51.141607336518845
2160,9,8,0.08301381927442719,0.10191420251166547,0.02553330969299021,0.20928126889279514,0.22527828529828908,0.00006559856896833191,0.5737295667028544,0.8841012838274307,0.0013863026056981408,2.5548320692917073,0.12628286163299118,0.000018474798237158162,0.2424044868950838,0.07285737027137364,8.620421916837594e-6,0.14927203145873572,37.26758380872147,46.60555157353119
2201,9,8,0.06465978249988069,0.006620358717726458,1.2218418528519057e-9,0.14030328465751601,0.21963150001847886,0.0001102107764535175,0.5585531967769783,1.561202976568124,0.0009294410241073079,2.7840701615296473,0.00828881404592283,1.444553845803016e-9,0.17857208039529116,0.00459172304540887,9.991298599007954e-10,0.10019627378203674,28.423574711986046,37.64352687001083
2216,5,4,-0.04155454711965412,0.10222691516639026,1.2003529230198712e-6,0.2681648323306047,0.19599332722459148,0.00009740853355169526,0.5046111646229798,1.2000836928648484,0.018361980179828565,2.859438976658918,0.12284777731337185,1.3090497487812997e-6,0.3362034021212873,0.07681460666141098,7.228211973623917e-7,0.20029025257088956,30.29998672090569,6.078499792189353
2278,5,4,-0.04584700916826279,0.06673857408816097,7.262305995356132e-6,0.15639165152492818,0.20318356048310343,0.0001365712543218148,0.4985577102978192,1.687008399921753,0.31521341712960693,2.9476702187733177,0.08165564106406627,7.536829510678281e-6,0.1992521067204269,0.05023636611152755,6.987782480033983e-6,0.11819213220433442,26.13172606531191,31.46749512330777
2329,5,4,-0.08898458757317229,0.05462196154506224,2.1652671485640713e-7,0.13294144884570058,0.18442632913975346,0.00007018171025890202,0.489569905504173,1.4201125449720093,0.015307183517940392,2.872060737067066,0.06544074958252459,2.2797599091583804e-7,0.16744558841986237,0.04172278887823558,1.6774017174670547e-7,0.10351985753260015,39.42549326362089,0.9831221784271833
2369,9,8,0.08708944645663053,0.01965247598201069,0.003420518736551764,0.041616538388640066,0.23830844192281353,0.0003837089683863362,0.5652750573829609,2.123498236597637,0.47626212321154776,3.141253957578476,0.024347914531664648,0.005026371114081146,0.056228663495982836,0.013770542034263061,0.0017108820630902042,0.03052568258212775,11.165584920550025,52.72752222240031
2402,5,4,-0.07199397890179426,0.06895109456209018,0.014528009162402355,0.1594741601920708,0.1916655488010438,0.0000975618647366556,0.48504316716487456,1.206264301528494,0.04540740963077767,2.844358262382911,0.08256644539637273,0.014964250513465392,0.19765306702729435,0.051689720849277795,0.006387072232702677,0.12429367574135836,29.70727682242984,18.87948549878209
2469,6,5,-0.011316854630305073,0.05300218740832765,0.008446734252266257,0.1219209320497374,0.20678877766799952,0.00003586038379520423,0.5171344002462208,2.0292888949046355,0.4562720560011983,3.1405376124124174,0.06547502289673163,0.014623975094068339,0.1557176687620488,0.0395059882584408,0.000017730357775492285,0.08964284886526228,8.085015091847607,46.402838846180686
2470,6,5,-0.04195786584364214,0.03601088983869212,1.626735678360118e-8,0.0984831510874683,0.19234217866780942,0.00001575419296229648,0.49977401585034437,1.52503190066483,0.024411192790655206,2.904101967269129,0.04367851975396787,1.840569125736006e-8,0.12414269508388312,0.026647791710603528,1.4129022309842304e-8,0.07543143059546756,33.454269774625196,41.98928320845268
2539,5,4,0.0657438280347371,0.010381612101315031,1.6970130673926983e-10,0.06992556593589523,0.2183372110077452,0.00011840599120408291,0.5769186900939864,1.376714081832266,0.29653203915734366,3.0126969120474967,0.012758578771221704,1.908296833139018e-10,0.0883417255205799,0.006900154846933754,1.4857293016463788e-10,0.05014071467738599,47.76554282661151,52.7608387434323
2566,5,4,0.03035406030139498,0.034973556275728866,3.2572937162004183e-9,0.15961367014821623,0.20940409727476916,0.0002562389339048101,0.5687331521180051,1.900005865399509,0.2903000781062,3.141058669100492,0.043756188699307405,4.7726454614138346e-9,0.20185363482201063,0.023373659959944296,1.7419419709870016e-9,0.11882667486492875,3.2620775527265016,28.055408067181155
2581,6,5,-0.06221458428175808,0.04890387129505415,0.013251943145166797,0.10186018546231562,0.20009480173951583,0.0004503630554337926,0.49123668758023176,1.9571451636906552,0.4630976962152812,3.0919146562620843,0.05958715038232429,0.014635780660635853,0.12969385187422594,0.03663600383293218,0.007301364705469017,0.08063536546382322,33.39214345601714,35.213147374314076
2646,7,6,0.2603069868432133,0.10854955718062356,7.86645446889867e-8,0.3286221594361307,0.2687203736468932,0.00039813488808084223,0.6585501556556083,2.2335979426388644,0.39694202803744993,3.1350373583630495,0.14445775307328038,1.2797795849817546e-7,0.4401370645267398,0.054423113935116015,1.4288158921411072e-8,0.2343986372141167,9.702765528490351,45.93447742634158
2656,7,6,-0.043126332711480586,0.029568557382059126,0.005168423439773622,0.06686580032923048,0.1894842894921147,0.00023711121960737103,0.495902179622955,1.3607251585146511,0.0013655575641285931,2.6202106828791267,0.03582012786185187,0.006898718326411782,0.08470819957626305,0.0222678378980267,0.0024025882774470052,0.05122103753787848,24.140315127595926,17.706360927430723
2669,6,5,-0.11702702214992655,0.04692389447107641,0.0019486952360401961,0.11762872898273685,0.17988602065548848,2.4603286631154543e-6,0.46572264123083207,1.5466971219670818,0.12950672149946016,2.9831824152416386,0.05628161519567526,1.8957652531216244e-6,0.14327572668296362,0.036009224762600114,0.0012271530543058813,0.08836959487329996,12.897404148526883,7.120828062184021
2684,9,8,0.16848057006462014,0.037675594373055295,0.011941552308377146,0.07599976029141184,0.23977081239032838,0.00021022874386660557,0.595647350711292,1.9161438215719935,0.13483951404185743,3.1376509744917165,0.047613498414659616,0.015209087574611799,0.0968354710937501,0.02691893669377305,0.0031921517075668114,0.05801925674637762,47.69926967450556,52.73429171810707
2686,9,8,-0.160161224444213,0.055317823707032386,0.012124727592550514,0.10654052585066204,0.1693942251853368,0.000059116379272337645,0.43705564891784304,1.5648462494518318,0.298328839576001,2.9997253239783843,0.06540543326906625,0.01389334620006023,0.13311621042782965,0.043477921295274564,0.007928295998465269,0.08503648353880919,37.477545732699156,46.56802986637311
2733,5,4,-0.12458228965399165,0.14078625335043427,0.022952569039743687,0.3475223783778153,0.18194465021927225,0.00024250053263132296,0.4663026394247083,1.569659796699851,0.17100424991413643,2.8934050303135908,0.17078119967255365,0.023723692442261763,0.4358538652633084,0.10632993465127576,4.654429624496582e-7,0.25163525838224593,23.729265812331583,21.86821978656617
2736,7,6,-0.015735086325996406,0.003424795283440328,2.115519441609313e-9,0.06258310657045932,0.19736752483613454,1.536960391457962e-6,0.5326506147612031,1.5681898285643159,0.2889842222846041,2.9929258734283284,0.004135144392886123,2.8795572476062347e-9,0.07702811017851784,0.0023828163583916265,1.351481635612392e-9,0.047202359182486484,52.077674774395675,13.07364654061182
2737,6,5,-0.07792593106378831,0.02339276647381817,4.422389853137148e-8,0.06395746417788893,0.18680692615058508,0.0014714418970293629,0.47872612333544584,1.4993143920775223,0.016621266284726644,2.8616186785723823,0.02790508532911795,6.638517717596267e-8,0.0804275096012055,0.017731562252602077,2.080899523187779e-8,0.05144224433900882,20.99410477676408,16.29211347297075
2738,6,5,-0.13357581770997484,0.09701979464437205,0.0289119062266839,0.21074464159384051,0.17934859225551192,0.0005248595701391353,0.4603356320738059,1.8493789198957842,0.3505288176065527,3.1377293277053067,0.11537439162179539,0.03233740996145172,0.2652827213156078,0.0744465354351923,0.014223587215371604,0.16081134026653288,20.649700168482124,14.865043337644707
2774,7,6,0.3020558325553857,0.04185662329924955,0.011167296247278356,0.08973138154591498,0.28730046840528145,0.00020481424348740328,0.6773052614395279,1.8525002428549104,0.7586303799199368,3.054035987863286,0.05447535989725181,0.01183779042425978,0.12057128121474958,0.02723513299402115,0.0018467121952759815,0.06409082629440155,33.21825157925223,43.906649036668895
2831,8,7,-0.11471490357818936,0.11373046902539265,0.040765370118402616,0.2193770873830784,0.18284612578845683,1.3659243818929707e-6,0.4677322236467774,2.003279583989629,0.37452055323367733,3.138092870606324,0.1360283990062099,0.04698430857025082,0.27527384580553477,0.08832279602350573,0.02331389462375734,0.17185185598037778,36.337748298103556,22.760726170435774
2897,6,5,-0.07795925995711173,0.03664908550580813,6.434462065850145e-7,0.08635771340141435,0.19356085859028233,0.00015003549353680913,0.5000638390206585,1.7533277531182732,0.3536333579210395,3.078140635372387,0.04385894821143507,8.350666940936296e-7,0.1088693151093083,0.027572837723701744,3.377495714293324e-7,0.06680004320337608,52.78106106996203,9.711119272386238
2898,6,5,0.10782837802186407,0.029226276758704706,2.0987607134235476e-6,0.06579631781280904,0.2439046280377446,0.00017733449775676267,0.5930790090795757,1.602606604421629,0.36980568831798827,2.801543802814474,0.036657320247011696,2.258436652224358e-6,0.08530846838252461,0.019943051012042752,1.9390847746227376e-6,0.0500856540239664,15.975120044906786,0.8072318196419594
2921,5,4,-0.015956131008618257,0.11628066299129003,1.6883724371693816e-7,0.34082882221326233,0.20561920408501572,0.00013242384326052703,0.5148982599369594,1.2020204779347088,0.11261825049910508,2.8483287159982194,0.14048194612097728,1.7517914714207716e-7,0.4378783338668244,0.08523090623157517,1.0362244971621665e-7,0.2597008105189207,45.74095563487735,41.43917088452629
2967,6,5,-0.10791861254973156,0.04907514795614748,0.01073277068856585,0.11503928850700931,0.1827610563398097,0.0006701095397512105,0.47246837365698147,1.4404105451846916,0.0491066685236868,2.882362511693625,0.05879843713074133,0.010889572830079457,0.1420887054133122,0.03769153588584785,0.004808771080850653,0.08880744457441395,11.531991351499999,33.74596594690734
2975,5,4,-0.11989359927644827,0.08351861257154136,0.00002665796427276931,0.1971632457548091,0.17842123062690946,0.00031282553250947117,0.48085770641007924,1.4544162310088158,0.030640411686033875,2.782074214412034,0.10006617099961135,0.00003023121117837576,0.24033830969928174,0.06393358116232037,0.000020212525350825653,0.15638893022524314,48.42985060923795,9.7132269936969
2987,9,8,0.6293968459193913,0.09217264949359519,0.03407979777555775,0.1742356509310409,0.38069000378006707,0.000463528320330389,0.7289257323654864,2.5897195675841296,0.518769347821327,3.141484855929689,0.12462654301518503,0.04580370711502698,0.24380050619840202,0.05371968505150755,0.005770009307522613,0.11792548180127738,21.222670269403565,16.49434076157926
2991,5,4,-0.12512540810891792,0.08776301915022902,0.017024876634586683,0.21908547220954772,0.17689839947602737,0.00008516217073733124,0.4602149240863827,1.7349138509733448,0.18038730391675417,2.9493706238208017,0.10644985651335633,0.017249020927896236,0.26803457587890495,0.06810614829688699,0.01204093931125288,0.17163221887048732,37.45119548103209,32.4266296746159
3001,6,5,0.02892118376273345,0.00363871616003786,3.3392583500634404e-9,0.07698283365353263,0.2118892338297056,0.0005986455530968944,0.5432218766809008,1.7021042999189002,0.3304959134308133,3.122194613747689,0.004480056810151381,3.3818842746872745e-9,0.09951846180402243,0.0025418685398715603,3.2966324254396063e-9,0.0551859643537915,34.82281601697391,22.32941331087834
3031,7,6,-0.11160066603030927,0.07169699280539782,4.41458864111974e-9,0.15990907346822497,0.1801616969031033,0.0001269684686070729,0.4920096832681772,1.6655504634927727,0.4282082993097176,3.139759069332076,0.08554436921154734,4.58426504074387e-9,0.19892309449081555,0.05544622479347146,4.244912241495612e-9,0.1244499694783736,20.491228725874773,33.459282117394764
3033,10,9,0.21092428528566387,0.0564639779243541,0.009140519357907027,0.11471707194564061,0.25916435012444844,0.0007650437396221173,0.6118020223514011,2.260810538523443,0.49204836766795595,3.1336138669356233,0.0704749076075587,0.009777553604143858,0.14937402762073007,0.036837242566164316,0.00442544468718134,0.08362716179292373,38.24172938596668,32.05821487264942
3044,7,6,0.08843304613727909,0.12598213499150698,1.4769852506657053e-6,0.26613595344139995,0.2153061694183091,0.0004735521187290789,0.5609716454113276,2.0594024232753503,0.4847162635266814,3.1408699062607512,0.15664496371210568,1.609987654423147e-6,0.34249086243166965,0.08890603600149971,1.1592029940028502e-6,0.2063926706680503,1.683020141088988,4.236549191981634
3069,9,8,-0.01026982421109679,0.01858410490936193,4.7406655205906974e-8,0.06669982330295122,0.2053897779195784,0.00009927614281813667,0.5358968006611119,1.5482996064208114,0.05109007069183815,2.9460435850845608,0.022664492735635075,4.977614368850671e-8,0.08208300582183109,0.013264939193010826,4.5037166723307237e-8,0.0500382023903927,19.870766413219332,1.4791798066870827
3087,7,6,0.2631275109997091,0.15679929385771735,0.04533356959413891,0.3144925951750758,0.28050753443707677,0.0006003207876669887,0.6440436490281721,1.6961504256381563,0.47795469105716337,2.735697020632044,0.2036722921645644,0.051534878244957484,0.4160811803433901,0.10597577606501674,0.013286203649217433,0.23553954843433705,6.547095623442773,49.52841983872266
3102,8,7,-0.18978179824240016,0.07997027827469108,0.029724361962119063,0.15093011693587985,0.1643297637694343,0.000076158672874064,0.42894049614926816,1.2506373581037429,0.03874194217652043,2.8760742363004574,0.09400012290433807,0.034109051873012074,0.18791318489194744,0.06304878969345531,0.023765335812602244,0.12274347110107757,44.60401587069619,19.634748273805883
3107,8,7,0.21710959364849813,0.1501091802214773,0.043735771893013406,0.30668367721665374,0.2527487139470457,0.000031428826207183206,0.6038921136288886,2.0992695685318057,0.8473373746597693,3.134446800004405,0.19105923454528334,0.04121000504866611,0.390702893663785,0.1029605233816735,0.017293393226014562,0.22023345973592467,21.522873660637863,45.05058934873952
3215,7,6,0.028536647133165616,0.0026239447893436608,3.501032192547654e-10,0.033796214934853505,0.21260503775837425,0.0002236707085076171,0.5404437545429166,1.4497418531442525,0.006540784694270628,2.86241328385782,0.003194466052068209,4.34230216577927e-10,0.04181253070655908,0.0018370746591534009,2.6597622193160385e-10,0.025506901851181703,46.22497752781448,42.83834995238626
3273,6,5,-0.12319708815115149,0.0740803887805664,8.582641602406138e-7,0.1744174513148669,0.1791761430011865,0.00012769163656884335,0.46878315636011203,1.597063297580108,0.3323064835101874,3.0804536453038684,0.08776636382937258,8.953577343872742e-7,0.21934509474312908,0.05607258385390784,8.211705860939534e-7,0.13862561786825944,37.57107020163051,35.542282613906316
3350,5,4,-0.05829007717871093,0.05223149193197668,1.3124455741969754e-7,0.14083342014924544,0.18906577158373705,0.00013286226238231938,0.5072976081783162,1.7382120825309417,0.02868576159777124,2.886844658454073,0.06328721306352547,1.8241518325977265e-7,0.17278851248817123,0.03955384619682386,8.007393157962243e-8,0.10871836815807823,33.58089448826733,34.889525779325176
3374,8,7,-0.012813701293627133,0.07009451113972709,6.689398551171259e-7,0.1704240465777322,0.20319084148151803,0.00011851986137489832,0.512306025384332,1.931215832167967,0.36483710603634245,3.0623653509152025,0.0853421232718981,8.153114218101603e-7,0.21080370660542838,0.04959839147509697,5.225682884240916e-7,0.13230347078030769,38.54675239531227,31.9372423546816
3413,9,8,0.048459532455627397,0.14708834800781567,0.00004701989164079538,0.2782849894150797,0.22408268285544333,0.00011104475208891551,0.5331725234341399,1.7939231249807652,0.5077361193662173,2.976223239491531,0.18234847902912504,0.00005326115743167711,0.3635655099897182,0.10393392738510268,0.00002960597965727395,0.21431405001225487,9.039688096539471,26.627005320696394
3437,7,6,-0.13398781556141515,0.028591179328417017,0.0054356130936783304,0.060891457656802615,0.180183472512122,2.7043491073708014e-6,0.44762269295405793,1.6424606808879574,0.2616103610124862,2.9612998585611803,0.03373866976932916,0.005299900009955521,0.07538640650358902,0.022003548598793724,0.004404652981788897,0.04829212121444674,35.363803744597426,5.5103738684545664
3438,5,4,0.08001112900909746,0.05894279892430001,0.007948964259560775,0.1397128184127217,0.2196670884737003,0.00002657658597833833,0.5690144899953852,2.1795994661311324,0.34231265505950215,3.141241016852065,0.07443142987322163,0.009647892945583712,0.17883025099750696,0.042384142213649514,0.004994326732857817,0.107818572970304,26.961247180327792,13.920402256168174
3453,6,5,-0.09828075761586419,0.05719732249502986,0.007366386258353172,0.13025713143030435,0.19031414076761685,0.00005204787423892583,0.4690364093835009,1.7868627212864379,0.3147336374251074,3.1415602775500933,0.0678851148918509,0.002829750107087539,0.1580909887493801,0.043683801398441274,0.0024935652152281783,0.09864235385881756,42.46756345024014,44.33282173452195
3455,8,7,-0.23383791552127775,0.09262631474277691,0.03635339146196339,0.1730376255940241,0.16351202167793227,0.00005573481018597627,0.4002024393293323,1.6133779735684892,0.27778027215724943,3.0360574523074177,0.10885293331055557,0.042195061383886165,0.21489460395851953,0.07352408191684891,0.02531303551313235,0.13980221339491297,21.264123501976908,45.23404652265601
3496,9,8,-0.13188783337022159,0.06276477054618168,0.020945290572624634,0.11976176176760661,0.17802773489825008,0.00009607608477537118,0.4525486927287094,1.6182456115979589,0.24115446210968053,2.8700754968555815,0.07378964527570073,0.02587207039353017,0.14965997129623085,0.04836706822339651,0.01421693773796416,0.0975158608336418,33.54785368720815,34.956374153692664
3515,8,7,0.2669826976248011,0.028037291696339495,0.007241244603249466,0.061174371372012495,0.26195065003838613,0.00007108168789666424,0.6261294901378252,0.7372365640338034,0.0002518467919368908,2.773196153595883,0.03592359283875016,0.008983894408674345,0.07940474596171256,0.019481861798915104,0.002495290247799986,0.04362305371452334,20.056413733804952,19.598488892040173
3524,10,9,-0.14728516767475952,0.027485390927224823,0.007880143474895917,0.051539900221522175,0.17000910227014687,0.00021511575090184723,0.45602985688314374,1.9348578961351297,0.25970342916732714,3.1408968451833013,0.03266163933940035,0.008940914377436708,0.06265807854882448,0.021538400854034048,0.005359754236359159,0.04271094983148333,19.793227045455453,1.362258661895967
3535,9,8,-0.16922436055280343,0.021429078568305882,0.007220990391829464,0.04120924140398595,0.17146355117097523,5.041376707468978e-6,0.4544794791133823,1.2639373049505838,0.003995185921385697,2.792296059952367,0.025630296482216285,0.009730312475605206,0.052343522185526896,0.016851834784932934,0.004473434695286121,0.033840553510431894,15.810129137757059,32.092353222282604
3558,6,5,-0.02811899276154506,0.022342399733327203,4.056201863231387e-9,0.07199608649129215,0.19400558118483546,0.00021320608061123437,0.5181613889233933,1.691337303135851,0.23371695689335437,3.1386629804457917,0.027728337571710795,7.648741784480874e-9,0.09046172685569155,0.016082769704977094,4.6366194198190106e-10,0.054157577214242324,23.071171006311985,22.09656482347002
3584,10,9,-0.002193636633499807,0.020841345470727052,2.384093230900095e-9,0.057724628638626804,0.2076098620245309,0.0007009413029891097,0.5334047086724825,1.2691849477085628,0.045646342516056496,2.7143343062743006,0.02565989758120075,2.663925932450115e-9,0.07217098105449384,0.014709383827234385,2.1042605293500743e-9,0.04627412286840102,49.73342399655292,28.86607336491348
3619,8,7,0.1732429991518778,0.0576499272482444,0.022737464901297747,0.1075771032614651,0.24208263095684768,0.00011765060212507842,0.5795345079001379,1.8985608803873613,0.7515874699385562,3.1262912167595207,0.07244869284389913,0.029370639646291892,0.14136991493910633,0.041431379025032564,0.00916142257036677,0.08303240827368541,37.87510574657074,35.639390834315506
3630,7,6,0.05212224929909226,0.04378445070612704,1.4856705605593107e-8,0.10807110090282596,0.21521659095043139,0.0005427789926398954,0.5442537973784621,1.462312866511382,0.2956961580134393,2.899392670153488,0.0535595862957714,2.0463453526489314e-8,0.13954453210724987,0.02922646246434027,9.249957684696899e-9,0.08174005057191945,26.691357546259535,44.96055826710421
3678,7,6,0.29455451307072167,0.12036291739150418,0.037552708170237405,0.24160929755187696,0.27805374135182903,0.000025975939584672335,0.6450353788176597,0.7127815294858248,0.00652621144076104,2.6934542492866047,0.15434224068534508,0.05473001649221544,0.33453582096861056,0.0805194547433114,0.010024975672478278,0.17797793383116922,2.4708629964490214,43.40541990603067
3738,6,5,-0.00486443734944686,0.004494469837839791,1.0191709039242835e-11,0.06218256679727078,0.20797536961567603,0.0001062573497213942,0.5270289292391575,1.4502081835958625,0.030584435689345553,2.8420373770815948,0.005725317354959783,1.2518267419259368e-11,0.0779324216067978,0.003150002360874621,7.865150659226301e-12,0.04475993116102104,20.476140591507452,6.425651729395255
3772,6,5,0.2660935009166092,0.37250270885328485,1.8738590327840808e-8,0.805325335543066,0.26985317618978233,0.0001331421185164896,0.6303960033294932,0.798930696384877,0.008092731489893453,2.914672662788218,0.48333068179871624,3.388652422847379e-8,1.0519610456804551,0.23321208412416378,3.59065642720783e-9,0.6109135380827222,25.496127461426592,26.361531708310462
3787,6,5,-0.10305357187150932,0.030385761712026976,1.1457088767219387e-7,0.07526804375559974,0.18441360869781243,0.00028704735077611596,0.47113211110881825,1.4750341419975208,0.01116311266103339,2.832769735989467,0.03669449703667085,1.1780544671691452e-7,0.09209938503228957,0.02340925413692852,1.1133632862747322e-7,0.05940284797737566,48.347300621314254,10.360968374885179
3795,5,4,-0.020998673977036475,0.11155005688029199,5.387024059179391e-8,0.2938304273465383,0.20028830330806952,0.000033765139331559134,0.5131924242090755,1.9036222227720025,0.3618473089948183,3.140825925008176,0.13531797903905904,5.931194286409042e-8,0.3756795637933265,0.08071014908310087,4.414914325466321e-8,0.22775651833466837,35.24335952143787,22.121994849664873
3802,6,5,0.0070422206515274866,0.09801169164713451,0.029284705241457293,0.19978443672156682,0.20619142644630895,0.00017192256225033716,0.5185039405571172,2.0008026486706862,0.4733435773768115,3.065664551560745,0.11927630927916756,0.03775386830441576,0.26080998154479945,0.0739150597788266,0.014004852488908853,0.15447774635955672,17.48850496945619,31.324210616854028
3832,9,8,0.01608180854866248,0.05621779035709093,0.013052805110656233,0.10710295742568315,0.2135495736144693,0.00006389182464283202,0.5313209831078518,2.0220057540020155,0.5851809537672548,3.0628771552083522,0.06893828402046333,0.016650428242938897,0.14136989799812666,0.0409089913222353,0.008273883780588418,0.08239143228069198,6.530082928015508,49.118948191347286
3885,8,7,-0.037477078999526015,0.02153122721275931,3.253161007602259e-7,0.045931079170052076,0.19970995275828893,0.00004412537807923254,0.501696893545685,1.5002254215494792,0.17953127942790234,2.7269772983902785,0.02647307770688772,3.3099814465736727e-7,0.05867582437746907,0.016040707027391837,2.438758597214285e-7,0.03629200064318908,26.65399195881727,44.789115518542744
3895,9,8,-0.06603674640917134,0.03427064365868615,0.008118960162122903,0.06692334913349104,0.19156431372848204,0.0003390862199385815,0.4861200160419423,1.7837047111384572,0.17701889117966027,3.1415697381017207,0.04128821374126619,0.01066436567793517,0.08367456434233564,0.026142854485041504,0.004675905716907493,0.05430697217719868,9.032832939226797,25.52045647021707
3900,10,9,-0.17607198571020177,0.05286457799188785,0.020781325605259995,0.10143272374876577,0.17006220592632287,0.00006251249343009895,0.4351799949608703,1.559626963081393,0.20108020428571186,3.1396828455202934,0.06316735996118944,0.02007046935747438,0.12086494573678619,0.041594115802490984,0.012081908551045352,0.07905820238142826,20.09685505565062,19.554419558607695
3952,7,6,0.10471943086046664,0.02923448572639787,1.752874487783974e-8,0.10204209030372063,0.23345953055033603,0.00017724694137285867,0.5884613780620501,1.1639545205172417,0.024586982393530167,2.7108556932414944,0.03638752564385436,2.8692511189444484e-8,0.13438193959387987,0.01898833335135059,6.364978566234994e-9,0.07694548039742928,45.70447166805078,41.42486009745851
3963,9,8,0.19441381626383958,0.05273706358051421,0.01678625259787516,0.09582815190028382,0.2506798801471993,0.00008148671151426085,0.6052593004648377,0.9652237552165169,0.008128315340444886,2.3833287085034596,0.06690479599852044,0.02063036319081009,0.12936295784896296,0.036176651413039024,0.005403055096715808,0.07407086433685081,14.693116771871836,29.74107858085091
3985,7,6,0.0021190774240373855,0.02615360670570345,3.4868559037092653e-9,0.08408328117413863,0.20536782297792608,0.00017419224521000892,0.522837428990249,1.819845141640585,0.24460981897305875,3.1296027905376556,0.03118278504552794,4.250855258661017e-9,0.10385670714243106,0.01887928473087249,2.722856548757514e-9,0.06313427869406503,35.61345948494868,4.9753959808487656
4016,7,6,0.007654906511898929,0.0036753264578106948,5.676742238715565e-10,0.03743278930074455,0.20829668947990204,0.00023444895815342225,0.5296910721189331,1.7536977421238864,0.30043402495901605,3.118985703591987,0.004520872015406706,7.616330407885668e-10,0.04666348166523106,0.0026386826087682167,3.7371540695454614e-10,0.028589890585135436,37.59880454207053,32.24394467459374
4019,9,8,-0.14278775767539642,0.03653452393668066,0.01461861115989329,0.07111852848723384,0.1755924930216498,0.00011486843684243542,0.4525985005055549,1.3167832445342413,0.016380349571738957,2.6679879950905003,0.043487091820634094,0.015003571645762132,0.08332433057049474,0.02851512524583935,0.008456630003656177,0.05667058531696786,33.007525888433015,34.73580125822872
4030,7,6,0.16921503504592295,0.08289909819755673,0.02916201335764646,0.16308495263744655,0.24292751665901058,0.00022907090435397344,0.5936887099199503,0.8745688118317294,0.018258136745861752,2.9557064680150202,0.103972991506361,0.03640375292978246,0.2105652832367811,0.05901615714359067,0.011860676291333482,0.12762787812414722,23.52422998639265,22.450484815226154
4102,5,4,0.007865962351040423,0.08370983353696035,7.016843574873257e-6,0.2177569463461687,0.20837643692484037,0.0003108311107659122,0.542761572567601,1.2853026500399696,0.03696334219325123,2.9445889957148284,0.10129599619548986,7.966472610530655e-6,0.26994740128321204,0.06020581081191373,6.067214539215861e-6,0.16461907636168036,27.016743942213537,14.346766225009508
4109,8,7,0.16830110239530427,0.054401484685974506,0.007246188549665299,0.11552095758151461,0.24528762713141117,0.000055657177828424016,0.625249123141532,1.275471140411855,0.003942319789876089,2.391119787001376,0.06886913489640306,0.0068445922734914795,0.14845070750721803,0.036264384973264424,0.0014152808919248984,0.08502456549699976,21.04475223803795,34.43463594723837
4135,5,4,-0.01194303276647446,0.018524348950614687,2.3747663710890004e-8,0.05539197551263483,0.2017973689836084,2.704876335523079e-6,0.5346259693659883,1.3609401278669278,0.09251228517570514,2.861710316273934,0.022532132104473385,2.5357543315393258e-8,0.0689472980545447,0.013652547992976053,2.2137784106386746e-8,0.041182646495962635,15.726825143907439,31.8858219541169
4147,9,8,-0.010802506911701926,0.0024748927518866643,1.1663472868839845e-10,0.01740161211361925,0.20724851358302487,0.0002180524166729786,0.5495611576075137,1.6581423004176865,0.10193409540231678,2.894724602713376,0.0030578820013064563,1.2687417421554816e-10,0.021528126587022547,0.0017918927150378694,1.0639528316124874e-10,0.012557477837513114,49.77866146456267,28.767566299702953
4197,10,9,-0.021785974817941423,0.0166775010887093,1.1402361608434989e-9,0.06927243223488036,0.20622307087075112,0.0000459036252212357,0.5272848657350323,1.3402478621265108,0.1932144686879558,2.96901041193736,0.02015362883733838,1.3257781984715086e-9,0.08954821869670716,0.011923038574970356,9.113182718102175e-10,0.052594032864128754,17.49957282643208,31.20446051763982
4203,7,6,0.1866878023237497,0.14416733767439302,3.967386671485712e-8,0.34680541162544815,0.26818691233894026,0.00031417082896659297,0.6273254315571859,1.7344861203464517,0.3854626890687721,2.8418469619916733,0.18426123467637417,4.1727034763859954e-8,0.4618712914875614,0.08756539115986875,7.842641220979662e-9,0.25726913736694157,35.47435517149149,5.535637433892364
4236,6,5,0.0018287826178315925,0.004045300349412782,4.4930004042536185e-9,0.04273311857831108,0.20690863263597215,0.00004831348879079442,0.5539744726749185,1.5871596011557094,0.16752505103019658,2.951810307839438,0.005077077696204893,4.7967592229285185e-9,0.05237035183981806,0.002860795443428917,4.1892415855787185e-9,0.03229949522339446,23.676465363995025,22.597172570036435
4246,6,5,0.09826988122958724,0.018571254493706852,2.521719006600505e-9,0.06123253968495199,0.23544250814120388,0.0002558534852003369,0.5722547605900853,1.1228016851552534,0.00037842158701146715,2.898690971623074,0.023473328896258416,3.6684388823722222e-9,0.07764590398403938,0.011503498971615032,1.374999130828788e-9,0.04490333522760986,15.658637000060954,31.763537720323026
4270,6,5,-0.1081187383976463,0.05121436039240848,1.642152546904195e-6,0.12162288883872413,0.182703493078953,0.00030824932969352966,0.4650827369369652,1.638942470765941,0.2576268243568549,3.115755667989899,0.06112208668708352,1.8126577401424771e-6,0.1499311657553851,0.03978622760676705,1.4716473536659127e-6,0.09467494054390774,26.813073462395604,14.243931385025105
4294,9,8,0.04688311987513316,0.0020246053758252378,7.465473666931178e-10,0.012433571220321047,0.21542919738029226,0.0002491855072604807,0.559237868804684,1.8202234262974901,0.3585439602379704,3.089308038197552,0.0025619542224175115,9.635183427494663e-10,0.016245206727824958,0.0014382478365766787,5.295763906367693e-10,0.009116925549124757,20.109671838268643,40.88713627593823
4295,6,5,-0.054855636851034006,0.05099446963657002,4.925775531735177e-7,0.12046915160416877,0.19517177130013008,0.00003751403827938221,0.5006316796960291,1.8522631403123744,0.4239074834665742,3.1387490542981147,0.06217282762109974,6.598337674405257e-7,0.15301329580514808,0.039176933386786995,2.2574603114602421e-7,0.09175938664219195,5.651508068515198,38.3852199214878
4368,5,4,0.1288301844022488,0.09250457051084864,5.466281836682291e-7,0.22428431428082424,0.236928154916312,0.000031000200310552475,0.5918860488355494,1.8132678808944918,0.11356633539870885,3.0804832316201343,0.1176719051842188,7.511720209731451e-7,0.29243024948291885,0.06518701215043846,3.42084346363313e-7,0.16625298294606095,44.798665972370465,43.43938519128103
4390,6,5,0.1425646332064261,0.04769939216611622,0.000015982647424648805,0.1128310945160283,0.24380650363215622,0.0006783039816502503,0.6128129853787391,2.228800111100251,0.45243139704511653,3.1389386853870826,0.06020205517785675,0.000016244932642420858,0.14875377918624108,0.031981253292416,7.443037871432339e-6,0.08369005919927572,45.75094783601003,41.4312297253838
4417,8,7,0.2254733487406,0.04965953507069272,0.01996743173706146,0.09633305193813765,0.2581460132077976,0.0000827408143119444,0.6165981222930726,1.3512313164879233,0.043764474005345985,2.2773101675320704,0.06312918564721512,0.024146902867075132,0.12297121530843928,0.03504423059386445,0.0062017324688649796,0.07302938094116232,19.836319604919996,19.267661989802942
4419,6,5,0.13118616078201484,0.08166758401454687,0.01381835278068059,0.1895882773864781,0.23343455323162143,0.0003043904891224048,0.5814139516634741,1.5920626870046841,0.36179697212914347,2.742647871103237,0.10207143348672185,0.01984837251237898,0.2487356343010304,0.05713531377175809,3.7344305586046454e-6,0.13499285215662635,51.073727709613735,37.132448777246445
4438,10,9,-0.10420478254530963,0.05488192861508864,0.02262889713800629,0.09452579985291229,0.1769679593822744,0.00028157235065865083,0.4526457939407432,1.3479349611502984,0.0004521336233920166,2.5362754132434637,0.06521786691911075,0.027647375633187685,0.11982457529107716,0.04266923187016322,0.013424487071492568,0.07708208679716434,26.877765493111706,14.337952925089203
4519,6,5,0.1936321763194293,0.040230253286570324,0.00668397753786683,0.09162537908143364,0.25752259582487275,0.0007893334928335422,0.6185520343627464,1.4241094594206007,0.1575369667170573,2.572231794200586,0.05140272371988313,0.007312975488283532,0.1208235900084151,0.028139149508071816,0.001878802050578369,0.06754908814889989,25.45814006430936,35.65801589776499
4539,5,4,-0.0354277004541359,0.01628609010538856,2.3527110485776755e-8,0.07697458165959964,0.20554829537148384,0.00005583693542723483,0.502961293045221,1.6528613845701847,0.28967688232371247,3.0921947354927397,0.019953522662229495,2.5600219974539425e-8,0.0949429554468048,0.011587161607452767,2.1454000997014085e-8,0.060550636209871694,37.32110799951188,36.058350782896284
4542,10,9,-0.24196137524473826,0.10596068513966413,0.035741473786805956,0.19983225115689945,0.15653945180831452,0.00016870488317009775,0.405835561465665,1.5495715985321676,0.12031210834628059,2.9721203510634386,0.12418113941446479,0.04314152176155486,0.24842462265442244,0.08586458251984078,0.025607134113679483,0.1644833060316935,40.99395454788054,47.73636624855459
4564,6,5,-0.028401884926733345,0.11191220227663709,0.021884418576197714,0.24652234875177265,0.1948665236671088,0.000043603070177266005,0.5071587850214905,1.200800715164838,0.05104905473676758,2.9729417397913873,0.13585243761780208,0.023711005177087387,0.3102822081127634,0.08325880003799659,0.009255023453701295,0.18772285224989732,24.378174871472286,17.769584265959868
4649,8,7,-0.004458735499088817,0.0019191291898350315,8.664081293742228e-11,0.02670827021467094,0.21102618153202796,0.0004277699030903235,0.5266412509205093,1.6288654061658305,0.11993754021473597,2.918577821779682,0.002341213869868129,1.2376115527381555e-10,0.03295484216441887,0.0013516429660923117,4.9520470601029026e-11,0.01976429953195537,11.58638471863334,33.83402003530285
4679,9,8,-0.0005197349985763822,0.0014379246081476786,6.083297424286008e-10,0.017102940116193115,0.20788284489971032,3.178845136894563e-7,0.5373274215778446,1.6216918808245855,0.26069819573151337,3.036097395782754,0.0017807719283185908,9.637379156666597e-10,0.021369106893315483,0.001012578535602198,2.5292156919054194e-10,0.012549820822522938,25.507945777836866,35.63249217600726
4680,9,8,-0.03900467733808455,0.007260005711877647,9.521853387014211e-9,0.060669530933999426,0.2009300774487735,0.000368792148955226,0.5054679623630279,1.5825704336323543,0.06528389035976957,2.860087506323277,0.00897185717764366,1.129437925648627e-8,0.07327202469031176,0.005158017544133427,7.749327517542152e-9,0.047857016288435056,37.33108698856274,36.098215086336566
4682,9,8,-0.07108070159743463,0.04273213668009729,0.014112222839239841,0.08108622589869577,0.1869869141108425,0.000014892036662516385,0.4966433706285236,2.072246250239803,0.3963446406224941,3.140413434934402,0.05143869546873693,0.016935684084328623,0.0985794996707681,0.033247701918061444,0.006443799769233209,0.06467259974549257,39.067564648749325,29.616939019911545
4687,9,8,-0.21510446838052744,0.04119808206922886,0.016315482553171577,0.07761641074258026,0.16625015212948774,0.000050598885028896285,0.4249669180820068,1.5345654368609607,0.05437389873782759,2.9342808438609627,0.04915361778629743,0.016209468372043418,0.09491574972383764,0.032996233321425913,0.012242118923873673,0.06298363423331203,0.6527466552438538,7.679276221014778
4689,5,4,0.023470690336147015,0.028231365068083603,8.187537736172923e-11,0.08619265916862669,0.21236816545800477,0.00007089578667748192,0.5355557612546721,1.217674922003091,0.00021189350092071832,2.773625958765615,0.03452371041245987,9.008208986551814e-11,0.10953620241647084,0.019018928208669503,7.366866485794031e-11,0.06497315039492835,37.79681258809891,28.895234269181838
4696,6,5,-0.11758495613953812,0.10200203553161215,0.01552150570719489,0.23694601875637403,0.18000346272612605,0.00037910227114358017,0.4639945297943827,1.7530629232918953,0.2750015198024397,3.130792775961847,0.12235697041640867,0.000014383990312798912,0.2774157824528141,0.07773524049195872,0.000010309088808422739,0.17572309375404097,25.975516201422952,32.06959692252642
4697,8,7,-0.04307372032014811,0.008034437588459991,5.530606995794404e-9,0.0344429320869904,0.18909623371359088,0.00042319731342605203,0.522097050648655,1.5545336808943282,0.04539024121970001,2.87288118231452,0.009702135173600836,6.336066999287734e-9,0.04192184165936973,0.005856377605887515,4.725146992301074e-9,0.026836962551982695,21.668234989134497,33.25970621201223
4715,8,7,0.3311403024998256,0.042085826308305554,0.008710536891776598,0.08465593744659634,0.3072842028808338,0.00020826175177540566,0.6766378686833651,2.1132657048311776,0.8649999190269518,3.1414634239347525,0.05537782056540683,0.010590748464266162,0.11273018431118041,0.02615813127365193,0.003013553105467545,0.06110585108967732,24.644164066077796,18.074905745492693
4748,6,5,0.13468123199539406,0.07944191891381086,4.082075001044374e-8,0.19223863353490633,0.23254181212978353,0.00035459478803321205,0.5903479209044888,1.9345555569801098,0.5927561995984225,3.105798774774507,0.10036157401269771,5.732507220885618e-8,0.24907439075925508,0.05181328393869246,2.4316427812031314e-8,0.14411098570445338,26.685741095791375,44.73758885394548
